<?xml version="1.0" encoding="UTF-8" standalone="yes"?>
<addon id="repository.smartnet9" name="Smartnet9 Repo" version="1.1" provider-name="Aeros">
    <extension point="xbmc.addon.repository" name="Smartnet9 Repo">
        <dir>
            <info compressed="false">https://raw.githubusercontent.com/aeros96/repository.smart/master/zips/addons.xml</info>
            <checksum>https://raw.githubusercontent.com/aeros96/repository.smart/master/zips/addons.xml.md5</checksum>
            <datadir zip="true">https://raw.githubusercontent.com/aeros96/repository.smart/master/zips/</datadir>
        </dir>
    </extension>
    <extension point="xbmc.addon.metadata">
        <summary>Smartnet9 Repo</summary>
        <description>SmartNet Test Repo</description>
        <disclaimer></disclaimer>
        <platform>all</platform>
        <assets>
            <icon>icon.png</icon>
            <fanart>fanart.jpg</fanart>
        </assets>
    </extension>
</addon>